vin,marque,modele,annee,couleur
YV126MFB7F1219980,Hyundai,Tucson,2007,Khaki
2T3BF4DV6AW622958,Toyota,Camry Hybrid,2011,Aquamarine
WP0CA2A87BU446863,Jensen,Interceptor,1967,Violet
WAUCFAFC6FN769937,Dodge,Viper RT/10,1993,Yellow
1J4AA2D1XAL290029,Volvo,960,1995,Orange
SCBZB25E52C525397,Dodge,Neon,2003,Fuscia
WBA3N7C54FK766399,Suzuki,XL-7,2003,Puce
WVWAB7AJ5DW436585,Buick,Riviera,1986,Mauv
WBANW5C5XAC596322,Audi,A6,2006,Khaki
5UXFA93535L532480,Mazda,MX-6,1990,Teal
KNADH4A33A6745623,Isuzu,i-Series,2006,Blue
WBALL5C59DJ393924,Volkswagen,Golf,1983,Crimson
WBA3C1C53FP403727,Cadillac,CTS-V,2010,Yellow
1FBNE3BL8AD645345,Chevrolet,Cavalier,1999,Indigo
WBABW33496P655181,Kia,Spectra,2006,Green
1G6AK5SX8E0514808,Lotus,Esprit,2003,Turquoise
5N1AN0NW6FN838656,Pontiac,6000,1988,Mauv
WBAPT73529C971936,Land Rover,Freelander,2010,Maroon
WAUVT58E73A569207,Mazda,Protege,2003,Orange
WBAUL7C54AV441687,Chevrolet,Caprice,1994,Red
JN1CV6EK7AM800223,Volkswagen,Beetle,1967,Red
3VW4S7AT7EM362857,Toyota,Land Cruiser,2007,Puce
WBAEV33442K000529,Nissan,350Z,2007,Teal
1GKS1EEF8BR455276,Land Rover,Freelander,2003,Blue
3D73Y4CL1BG183254,Toyota,Land Cruiser,1997,Mauv
WVWDB7AJ6EW022620,Oldsmobile,88,1994,Yellow
WBADX7C54CE666098,Dodge,Ram,2008,Violet
WAUSF98E86A088419,Maserati,Biturbo,1987,Purple
WAUYP64B51N263793,Ford,F-Series,2009,Turquoise
WAUDT94F45N924802,Ford,Thunderbird,1991,Pink
1FMJK1H54EE337018,Mercury,Sable,1995,Crimson
5J6TF2H54DL068355,Pontiac,Grand Prix,1981,Yellow
5FRYD3H20GB847691,Chevrolet,G-Series G20,1994,Teal
WAUSH78E07A697259,Lexus,RX,2004,Goldenrod
1G6AZ5SX9F0396670,Mazda,Miata MX-5,2003,Maroon
5TFBY5F13CX410737,Kia,Sportage,1997,Orange
1G6DJ1ED1B0867414,Saturn,Ion,2006,Turquoise
2C4RDGDG8DR968838,Land Rover,LR3,2006,Goldenrod
1FTEX1CM4DK308821,Ford,Ranger,2004,Puce
WBAWB73567P131811,GMC,Savana 3500,2001,Goldenrod
JA32X2HU4EU313252,Ford,F-Series Super Duty,2010,Khaki
1G4GC5GG7AF079960,Chevrolet,Corvette,1992,Yellow
3VW1K7AJ5FM185969,Subaru,Outback,2012,Blue
KMHTC6AD4EU118914,Subaru,Outback,2004,Orange
WAUHGBFC9CN810341,Porsche,911,2010,Orange
KL4CJGSB4FB688934,Volkswagen,GTI,1997,Turquoise
1FTEW1CM8BK897081,Alfa Romeo,Spider,1994,Fuscia
1FMEU8DE2AU811221,Ford,Courier,1987,Khaki
WBAYP9C55FD945017,Ford,Flex,2011,Goldenrod
WAUAH94F46N323055,Ford,Expedition EL,2009,Puce
WAUAFAFL9FA175051,Hyundai,Santa Fe,2007,Maroon
WAUEH54B71N342280,Subaru,Alcyone SVX,1997,Orange
KMHEC4A40FA442457,Porsche,Cayenne,2012,Puce
SCBZB25E62C564614,Jeep,Wrangler,2011,Crimson
JM1DE1KY1C0539744,Chevrolet,Camaro,1972,Purple
WBAWV13519P884461,Jeep,Wrangler,2007,Puce
1G6KD57Y45U382445,GMC,Savana 2500,2008,Crimson
WBA3A5G53FN086051,Dodge,Intrepid,1999,Goldenrod
SCBZK25E51C333640,Audi,A6,2007,Mauv
1D7RW2BK1BS309103,Suzuki,Sidekick,1990,Maroon
WBA3B5C55EF099749,Ford,Freestar,2007,Mauv
WVGAV3AX6DW951370,Subaru,Impreza,2007,Green
1G6DM5ED2B0395707,Subaru,Alcyone SVX,1994,Turquoise
WBA3C3G50EN520889,Infiniti,FX,2005,Green
WAUKF98E47A358473,Land Rover,Freelander,2011,Fuscia
2FMGK5CC6AB694908,Cadillac,Eldorado,1994,Green
WAUGFAFC8FN246050,Ford,Tempo,1987,Purple
JTEBU5JR8F5112740,Mazda,MX-5,2005,Turquoise
3C4PDCAB6CT218567,Aston Martin,DBS,2011,Blue
3N1CE2CP6EL177328,Lotus,Esprit,1990,Fuscia
WBXPA93406W855384,Volvo,S80,2009,Orange
WAUML54B13N945853,Audi,S5,2011,Orange
WBA3G7C55EK696730,Lexus,RX Hybrid,2011,Violet
JTDKN3DP3C3760655,Lexus,IS,2010,Pink
WBASP4C54BC550366,Audi,A3,2010,Blue
3C6JD6CT9CG439822,Ferrari,458 Italia,2010,Red
WA1LYAFE9AD468084,Oldsmobile,Toronado,1966,Maroon
WAULD54B24N451253,Ford,Crown Victoria,1992,Indigo
WAUHFAFL6AN663194,Lotus,Esprit,1994,Green
WBAFR9C51DD750966,Chevrolet,Lumina,2001,Green
19XFB4F20EE704752,Lincoln,Town Car,2004,Fuscia
3C63DPMLXCG633479,Maserati,Karif,1990,Turquoise
KMHHT6KD7BU805630,Mazda,626,2001,Green
3FADP4AJ7CM105914,Ferrari,612 Scaglietti,2007,Aquamarine
2T1BU4EE5CC538308,Porsche,Cayenne,2008,Green
JM3TB2CA5D0234395,Suzuki,XL-7,2008,Pink
WBADT63412C090204,Isuzu,Stylus,1992,Maroon
1C4NJCBAXFD444711,Toyota,Solara,2006,Orange
1G4PN5SK3C4276709,GMC,Yukon XL 2500,2008,Goldenrod
1B3CB5HA9BD976406,Austin,Mini Cooper,1961,Aquamarine
WBSDE93412B201699,GMC,Savana 1500,2006,Indigo
2HNYD18833H004500,Dodge,Ram 3500,1995,Orange
1G4GL5E32CF298974,Dodge,Ram 1500 Club,1995,Puce
WBABN33413P997190,Cadillac,CTS-V,2010,Pink
WUAW2AFC8FN665643,Dodge,Charger,1999,Teal
1FAHP2DW2BG925288,Porsche,Cayenne,2010,Crimson
1FTEX1CW9AK432533,Pontiac,Firebird,2001,Aquamarine
1N4AL3APXEC470766,Ford,Flex,2010,Indigo
WAUHFAFL6AA763593,Chevrolet,Camaro,2010,Khaki
WAUEL74F15N777363,Dodge,Ram 1500 Club,1996,Maroon
1FTWX3B55AE189942,Lincoln,Navigator L,2011,Violet
1C4RDJEG2CC989686,Buick,LeSabre,1988,Crimson
3C6TD5FT1CG201722,Toyota,4Runner,1997,Aquamarine
19UUA8F22EA933181,Chrysler,Cirrus,1998,Indigo
3VWML7AJ9CM693772,GMC,Sierra 1500,2013,Teal
1C3CDZAB4CN360826,Ford,Crown Victoria,1993,Mauv
WBABW53485P965302,Land Rover,Defender 90,1994,Crimson
WBABD33406J495961,Chevrolet,Suburban 1500,1994,Crimson
WAUKF78E28A878550,GMC,Yukon XL 2500,2008,Maroon
WBALM7C57EJ007916,Chevrolet,Suburban 2500,1996,Green
2C3CDZFJ7FH633173,Mazda,626,1995,Puce
WBA4A7C53FD573990,Pontiac,Firefly,1987,Fuscia
5NPDH4AE8CH167550,Audi,S8,2007,Teal
WUAUUAFGXF7030822,Toyota,Celica,1983,Indigo
WBAVM5C56EV247013,Jaguar,S-Type,2007,Red
SALSF2D48DA460788,Lexus,GS,2004,Indigo
WAUXL58E74A819748,Chevrolet,Sportvan G30,1996,Goldenrod
JHMFA3F22AS173640,GMC,Suburban 1500,1995,Violet
WVGFG9BPXBD180549,Mercury,Grand Marquis,2004,Pink
WP0CA2A86FK992992,Pontiac,Bonneville,1988,Crimson
KMHTC6AD0CU995512,Saturn,Ion,2006,Fuscia
WBSBR93436P371096,Kia,Sorento,2008,Green
5TDDK3DC4ES145287,Jeep,Grand Cherokee,2010,Goldenrod
YV440MBM1F1411626,BMW,5 Series,1995,Pink
1N6AA0CC1DN735079,Chevrolet,Express 2500,2007,Indigo
WAUBFAFL3FA498810,GMC,2500,1993,Teal
1C3CDFDH5ED202227,Holden,VS Commodore,1996,Green
WAUGFAFC0DN338184,Land Rover,Freelander,2005,Blue
WAU3VAFRXCA943714,Nissan,Sentra,1995,Orange
JA32U1FU6AU120407,Porsche,944,1985,Maroon
1G4GC5G30FF769926,Nissan,Frontier,2004,Green
WBAGL63463D663784,Ford,Ranger,1999,Pink
WAUJT58E43A780637,Mitsubishi,Mighty Max,1994,Red
3VW517AT9FM771189,Nissan,240SX,1998,Blue
KMHFG4JG1DA335787,Dodge,Ram 3500,2009,Khaki
WBANW53549C620707,Scion,xD,2009,Pink
4T1BF1FK2FU312663,Chrysler,Sebring,2003,Puce
WAUUFAFH1AN068022,Pontiac,Firebird,1997,Green
2C3CDXBG9CH172942,Saturn,S-Series,2000,Khaki
19VDE1F76EE756629,Hyundai,Sonata,2005,Fuscia
TRURD38J281409218,Hyundai,Tucson,2010,Orange
WDDHF5KB5EA205737,Jeep,Liberty,2010,Fuscia
KMHHT6KD6CU370357,Mercedes-Benz,SLR McLaren,2005,Mauv
WBA1F5C59FV969487,Volkswagen,Jetta,2011,Purple
WAUMFAFH5FN142078,Infiniti,G,1992,Teal
KNADM4A31C6835349,Ford,Thunderbird,2004,Fuscia
1GYFK56289R973432,Pontiac,Bonneville,1968,Orange
WAUGL98EX5A633078,Dodge,Ram 1500,2010,Green
WBANN73586C031444,Isuzu,Trooper,1995,Purple
WVWBB7AJ4DW618329,Hyundai,Scoupe,1993,Khaki
4T1BF1FK8EU731244,Porsche,Cayenne,2006,Fuscia
WP1AA2A23BL972007,Ford,Thunderbird,1993,Turquoise
WBAYF8C58ED137708,Infiniti,Q,2005,Khaki
WBADN53411G947312,Dodge,Caravan,2007,Turquoise
1FTEW1CMXEK640119,Chevrolet,Equinox,2009,Pink
SCBBB7ZH5EC061227,Toyota,Sienna,1998,Blue
WBA5M6C55ED417986,Chevrolet,Express 2500,1998,Goldenrod
3D7TP2CT4AG428635,Nissan,Frontier,2002,Maroon
WA1CGAFE6DD348119,Mercedes-Benz,300E,1993,Blue
WBANB53516C570095,Ford,Explorer,2006,Puce
1C3BC6EV6AN631626,GMC,Safari,2005,Maroon
2T2BK1BA7AC616084,Ford,Escort,1987,Yellow
WBA8Z5C55FD163660,Chevrolet,Blazer,1993,Fuscia
1N4AL2AP8BC213367,GMC,Rally Wagon G3500,1995,Turquoise
5J8TB4H51EL363347,Chrysler,LHS,1995,Turquoise
KMHHT6KD0CU750990,Ferrari,458 Italia,2010,Turquoise
2G4GT5GX6E9901338,Toyota,Land Cruiser,1993,Blue
WAUNF98P76A146261,Buick,Regal,1994,Yellow
1VWAS7A31FC495913,Bentley,Continental GT,2012,Maroon
1N6BF0KMXFN732961,Mercedes-Benz,CLK-Class,2008,Khaki
1HGCR6F56FA923466,Volkswagen,Passat,2000,Pink
WAUHGAFC3DN692976,Ford,Taurus,2008,Aquamarine
WBAVL1C58FV227326,Lexus,ES,2002,Turquoise
WAUKD78P69A690607,Mercedes-Benz,E-Class,2000,Purple
WBAYE4C50FD049250,Audi,A6,2007,Teal
2T1KE4EE9AC200002,Audi,S4,2004,Puce
WBAWC33578P907841,GMC,Savana 2500,2003,Violet
WAUEFBFL8AN890086,Mazda,B-Series,1991,Fuscia
1G6DE5EY5B0786849,Ford,Mustang,1971,Indigo
1N6AA0CC8CN364582,Chevrolet,Cobalt SS,2007,Fuscia
2G4GS5EV5D9390482,GMC,Terrain,2010,Violet
5N1AZ2MH4FN019423,Dodge,D150 Club,1992,Turquoise
TRUTC28NX11407941,Volkswagen,New Beetle,2003,Green
WAUHF78P78A399777,Mercedes-Benz,SL-Class,1990,Aquamarine
JHMZE2H53DS539340,Pontiac,Firebird,1994,Aquamarine
2C3CA3CV8AH971378,Suzuki,Esteem,1995,Turquoise
2G4WS55J131492447,Mitsubishi,Lancer Evolution,2006,Puce
WP0CA2A8XES687770,Lexus,GS,2002,Red
5UXZW0C5XD0807384,Mazda,B-Series,1986,Aquamarine
3C63D3CL2CG468411,Ford,Mustang,2013,Pink
WAUFMAFC8EN385823,Ford,Mustang,2008,Puce
2T1BURHE4FC032532,Ford,E150,2003,Indigo
5BZAF0AA0EN935183,GMC,Sierra 1500,2000,Crimson
WAUSH98E97A432609,Buick,Riviera,1991,Khaki
3N1CE2CP3FL967817,Ford,Explorer Sport Trac,2003,Maroon
WAUJT68EX5A261777,Porsche,Boxster,2011,Green
1GYEK63N44R121975,BMW,M5,2010,Crimson
WA1WGAFP2EA779591,Dodge,D350 Club,1993,Indigo
WAUKGAFBXBN165575,Ford,F-Series Super Duty,2012,Teal
4T1BK1EB4EU470062,Oldsmobile,Achieva,1993,Orange
JH4KA96672C100148,BMW,M6,2008,Teal
JN1CV6EKXEM276510,Mitsubishi,Galant,2004,Indigo
WVGAV7AX5FW305800,Ford,Crown Victoria,2001,Aquamarine
3C4PDCEG7CT970722,Suzuki,Swift,1988,Aquamarine
3G5DA03E05S011500,Land Rover,Freelander,2010,Fuscia
WAUKFAFL0DA706929,Geo,Tracker,1992,Goldenrod
WBSPM9C59BE739588,Suzuki,Swift,2001,Violet
1GYS4FEJ1DR342277,Toyota,Paseo,1993,Orange
1G6DM5EY9B0865721,Chevrolet,Malibu,2004,Puce
3VWKX7AJ6AM375181,Buick,Century,2000,Green
WBA3T3C59EP107301,Cadillac,STS,2008,Aquamarine
JH4KC1F73EC362502,Ford,Focus,2001,Indigo
3GYFNKE42AS766853,Infiniti,G37,2008,Fuscia
WBASP0C58DC992207,Hyundai,Elantra,1993,Red
5TFAW5F10FX579216,Honda,Accord,2002,Maroon
4JGDA0EB1FA072753,Porsche,928,1989,Maroon
5FRYD4H60GB849479,Toyota,4Runner,2004,Blue
SCBLF44J29C641171,Ford,Aerostar,1994,Yellow
JN8AF5MVXFT446237,Suzuki,Grand Vitara,2012,Blue
WAUDG94F95N708688,GMC,Suburban 1500,1995,Blue
WBAFR9C5XDC562890,BMW,5 Series,2005,Fuscia
SALGS2TF4FA063330,Suzuki,Grand Vitara,1999,Pink
WVGEF9BP0ED955024,GMC,Jimmy,1993,Goldenrod
JTHBS1BL0D5821154,GMC,Acadia,2012,Blue
WBAWR33567P298724,Chevrolet,Cavalier,1995,Blue
5UXFE83547L473294,Austin,Mini,1963,Teal
1G6DA8EY4B0681572,Chrysler,Fifth Ave,1993,Turquoise
1N6AA0CA1FN481553,Audi,100,1992,Red
WAUDF48H17A540721,Subaru,Tribeca,2012,Crimson
2C3CDZBG7FH631756,Honda,Insight,2004,Teal
WVWAB7AJ8DW366192,Toyota,T100,1997,Green
SAJWA4DC4DM397084,Hyundai,Tucson,2006,Orange
WBA1F5C58FV913329,Aston Martin,V8 Vantage,2009,Turquoise
3GYFNGE31DS037171,Chrysler,Sebring,2010,Green
1GYFC13299R821881,Oldsmobile,Alero,1999,Orange
WAUEH48H48K803133,Chevrolet,Express 2500,2006,Purple
3C6TD5FT8CG246656,GMC,Jimmy,1993,Maroon
KM8JT3AB9BU135997,Lincoln,MKS,2013,Khaki
KL4CJFSB3FB489349,Acura,Integra,1998,Pink
5XYKT3A17DG003261,Chevrolet,Tahoe,2002,Green
1GTN1TEX2BZ358547,Honda,CR-V,2001,Orange
JM1NC2LF3F0398161,Toyota,RAV4,2005,Fuscia
WBADW3C53DJ968955,Lincoln,MKS,2011,Green
WAUAH78E16A684546,Mercedes-Benz,Sprinter 3500,2011,Mauv
1C4AJWAG0EL559182,Mitsubishi,Starion,1989,Orange
WVWAA7AH4AV747054,Toyota,Highlander,2002,Maroon
JH4CU4F41BC416402,BMW,M5,2003,Indigo
TRUSC28N831502691,Chevrolet,HHR,2007,Puce
1LNHL9DR6BG301854,Hyundai,Tiburon,2001,Crimson
WAUCFAFH1CN810577,Chrysler,Sebring,2009,Crimson
WBAEN33492E125511,Ford,F450,2009,Pink
2C3CCAJG5EH093644,Nissan,Titan,2011,Maroon
1FTEW1CW2AF936661,Mazda,Mazdaspeed 3,2011,Orange
WBA3V7C55EP706830,Dodge,Ram 3500,2004,Maroon
WBAGN634X3D730140,Saab,9000,1999,Purple
JTDZN3EU9D3064256,Lexus,GS,2009,Orange
19UUA8F57DA767796,Cadillac,Eldorado,1993,Yellow
WAUMFAFLXAN609105,Land Rover,Discovery,2006,Turquoise
1G6KE57Y74U998300,Ford,Tempo,1994,Red
1G6KD57Y08U232160,Mercedes-Benz,SL-Class,1990,Indigo
1N6BF0KM9FN094976,Ford,Escape,2000,Yellow
1N6AD0CW2FN477272,Land Rover,Freelander,2003,Mauv
1G4GG5G33DF127802,Dodge,Caravan,2011,Violet
5N1AN0NW8EN150379,Hyundai,Accent,2005,Puce
WA1CMBFP2FA488706,Honda,Civic,1992,Aquamarine
WBASN4C56BC158821,Dodge,Neon,2001,Indigo
KL4CJCSBXDB156626,Citroën,SM,1972,Crimson
SCBBR93W88C049088,Hummer,H1,1995,Crimson
1N6AA0CC0BN603539,Lincoln,Blackwood,2002,Blue
WBAWL7C58AP746431,GMC,1500,1994,Fuscia
WDDEJ9EB1DA804718,Toyota,Corolla,1994,Pink
19UUA65654A100112,Nissan,Frontier,2009,Purple
JTEBU4BF6BK020858,Audi,A4,2001,Puce
1G4HJ5EM8BU493328,BMW,X5 M,2011,Orange
1C4RDJEG7DC578656,GMC,Sonoma,1992,Maroon
WAURD68D11A723158,Volkswagen,Corrado,1990,Crimson
1FTKR1AD6BP764402,Toyota,Tacoma,1997,Aquamarine
1FTWW3A54AE882019,Chrysler,PT Cruiser,2004,Fuscia
1N4AL2EP8DC700985,Mitsubishi,Eclipse,2003,Purple
WAUWKAFR4AA052904,Subaru,Alcyone SVX,1993,Purple
2FMHK6DT3AB921870,Volkswagen,Passat,1996,Fuscia
WAUBGAFB5BN099050,Cadillac,Escalade ESV,2006,Pink
WAUXL68E25A710461,Toyota,RAV4,2011,Crimson
WAUXL68E14A007237,Toyota,Avalon,2011,Maroon
WP0AA2A8XFK891834,Ford,F250,2010,Aquamarine
WAUBF98EX8A190565,BMW,1 Series,2008,Green
1N6BF0KXXFN225553,MINI,Cooper,2006,Blue
3GYFNAEY7BS344088,Chrysler,Sebring,2008,Teal
JN8AZ1FY2BW869183,GMC,Sierra 3500,2001,Yellow
1FTMF1CW1AF259193,Mazda,Miata MX-5,2006,Blue
JN1CV6AP7CM766353,Dodge,Dakota,2010,Blue
JN1BV7AP2FM667834,Volkswagen,New Beetle,2001,Puce
1G6AX5S32F0810861,Dodge,Viper,1993,Puce
WAUDFAFL4BA839179,Porsche,Carrera GT,2005,Blue
3D7TP2CT6BG949583,Ford,Mustang,2007,Yellow
4A4JM2AS4AE268034,Cadillac,Escalade EXT,2002,Aquamarine
1G4GG5E35CF190577,Chevrolet,Silverado 2500,2001,Purple
WBADW7C53DE975985,Oldsmobile,Regency,1997,Blue
SCFFDABE5BG723884,Mazda,Familia,1990,Mauv
JN1AZ4FH5FM496688,Oldsmobile,Bravada,2004,Maroon
WBAFV3C50ED576138,Mitsubishi,Eclipse,2007,Mauv
2C3CDXGJXCH981144,Saab,9-3,1999,Red
1G4HP54K45U237304,Nissan,Rogue,2012,Goldenrod
4A31K2DF4CE612473,Kia,Optima,2005,Blue
JM1DE1KY3E0761379,Dodge,D250,1993,Mauv
3VWKZ7AJ6BM029529,Ford,Freestar,2007,Orange
JN8AE2KP3C9393427,Toyota,Tacoma,2011,Blue
JHMFA3F24AS188818,Plymouth,Grand Voyager,1993,Indigo
1G6DW677150116324,Mazda,Mazda6,2005,Yellow
KMHHU6KJ7FU997740,Ford,Taurus,2010,Goldenrod
JN1CV6EK1CM289787,Chevrolet,Traverse,2012,Mauv
1FTWW3A51AE264690,Mercury,Grand Marquis,1995,Green
WAUVC58E32A928020,Maserati,430,1991,Teal
WBA6B4C55ED357593,Spyker,C8,2006,Indigo
1N4AL2AP5AN212454,Chevrolet,Suburban 2500,1994,Goldenrod
2HNYD28538H393710,Buick,Riviera,1995,Puce
1GYFK46898R026624,Mitsubishi,Pajero,1987,Aquamarine
JM1NC2EF0A0014777,Infiniti,I,2000,Blue
WBA3D3C59FK153206,Toyota,Sienna,2000,Teal
1G6AH5S31E0533874,Nissan,Pathfinder,1997,Green
JHMZF1D43ES856055,Audi,S4,1993,Blue
1ZVBP8JZ0D5553902,Ford,Econoline E350,2000,Red
5TDBY5G12BS426172,Toyota,4Runner,1999,Mauv
5N1AT2ML4FC634636,Honda,Civic,1990,Puce
TRURD38J081897665,Subaru,Alcyone SVX,1994,Teal
1G6DA1ED1B0196231,Suzuki,Grand Vitara,2001,Indigo
3FA6P0LU5FR682909,Hyundai,Elantra,2003,Mauv
5N1AA0NE7FN510598,Lexus,LS,2000,Purple
5GAKRBKDXFJ925710,Cadillac,Seville,2003,Goldenrod
1GYS3JEF2CR320109,Ford,Aerostar,1988,Khaki
1FTEX1CM8BF781997,Aston Martin,V8 Vantage,2008,Yellow
WAUDV94F28N937384,GMC,Safari,1997,Turquoise
2HNYD28397H575926,Aston Martin,DB9,2011,Red
5N1AT2MK3EC568442,Mitsubishi,Mighty Max,1993,Fuscia
5NPEB4AC2BH709115,Lincoln,Navigator L,2011,Violet
WBANE73537C676956,Aston Martin,Virage,2011,Teal
1C4PJLAB8FW121183,Mazda,323,1992,Yellow
WBA3X9C58FD683603,Honda,Accord,1988,Violet
WAUEF98EX8A527815,Maserati,430,1990,Khaki
JN1CV6FE5AM588091,Hyundai,Sonata,2000,Fuscia
WP0CA2A84FK594003,Ford,Expedition,2003,Red
WAURD68D62A498737,Mercedes-Benz,500SL,1992,Maroon
WAUHF78P09A574078,GMC,Yukon XL 1500,2013,Indigo
WBA6B2C5XFD169089,Honda,Insight,2000,Yellow
WAU2MAFC4EN612102,Ford,Taurus,2008,Teal
WAUGVAFR9BA185932,Lexus,LX,2004,Violet
4T1BK3DB3BU455254,Mercedes-Benz,S-Class,2004,Green
WBA3C1C59DK077233,Chrysler,Concorde,1996,Pink
JN1CV6EK3CM622653,Honda,Accord,2007,Pink
YV1952AS0E1825584,Pontiac,Aztek,2003,Yellow
SCFAD02A25G789718,Toyota,Prius,2009,Purple
WA1VGAFP9FA945005,Saturn,L-Series,2000,Yellow
WAUHE98P79A231329,Lincoln,Town Car,1988,Khaki
WAUSH98E56A570730,Mitsubishi,Raider,2008,Khaki
WA1LFBFP8DA845541,Ford,F250,1984,Yellow
2C3CA3CV4AH968882,Volkswagen,Cabriolet,1987,Crimson
1N6AD0CU8EN284220,Volkswagen,Passat,2007,Crimson
WVWAB7AJ0CW606785,Land Rover,Discovery,2006,Yellow
1D7RB1CTXAS423743,Honda,Odyssey,2002,Pink
WUAAU34299N459021,Mitsubishi,Eclipse,2002,Crimson
1FMJK1FT4FE511365,Toyota,FJ Cruiser,2011,Khaki
SCBCR63W64C650853,GMC,Savana 3500,2010,Red
1G4HJ5EMXAU283800,Oldsmobile,Silhouette,1993,Crimson
WAUHF68P56A992092,Pontiac,Sunfire,1999,Red
1FTEW1C89FK755346,Infiniti,G,1994,Blue
SALWR2VF8FA694408,Chevrolet,Sportvan G20,1993,Yellow
1FTEW1CM4CK489405,Suzuki,Sidekick,1993,Green
3VW467AT0CM591883,Cadillac,Eldorado,1995,Maroon
1G6DD1E30E0022959,Hyundai,Equus,2013,Fuscia
2HNYD182X3H655862,Subaru,Leone,1989,Purple
JTJBJRBZXF2846734,Kia,Spectra,2007,Turquoise
WAUJT64B93N494633,Mazda,MX-3,1992,Blue
1C4AJWAG3FL016345,Lincoln,Continental Mark VII,1991,Yellow
SCFAD22343K172957,Ford,Bronco,1988,Violet
4T1BF1FK4CU386498,Plymouth,Grand Voyager,1996,Khaki
2HNYD18421H303177,Infiniti,J,1994,Fuscia
3D73Y4CL4AG235488,Toyota,Truck Xtracab SR5,1989,Khaki
4T1BF3EK2AU566329,Acura,Integra,1988,Violet
KNAGM4A75B5387489,Hyundai,Tiburon,2008,Khaki
KM8JT3AB3BU343387,Ford,Econoline E350,2001,Indigo
KMHHU6KJ2FU666158,Volkswagen,GTI,1986,Mauv
JTDKDTB37D1879891,Nissan,Armada,2007,Maroon
1N6AD0CW9EN856624,Mitsubishi,Galant,1992,Turquoise
WAUVT58E43A334649,Toyota,4Runner,2004,Violet
SALVN2BG4DH938080,Cadillac,Eldorado,1999,Maroon
WBA1K5C54FV819878,Nissan,Sentra,1995,Teal
JTHBE5C24C5829633,Acura,NSX,1992,Indigo
SAJWA0FS0FP207635,GMC,Suburban 2500,1992,Turquoise
WBSKG9C56CE732388,Dodge,Intrepid,2002,Indigo
1G6DV8EP4C0786223,Nissan,Pathfinder,1994,Crimson
JTDKN3DU6A0771900,Toyota,Camry Hybrid,2009,Purple
WA1EV74L68D850119,Mazda,Mazda6,2012,Crimson
WBAET37433N830516,Jaguar,XK,2006,Puce
1N6AF0KXXEN695608,Kia,Sedona,2003,Maroon
SALME1D40BA357934,Mitsubishi,Mirage,1988,Yellow
5N1AA0ND0EN668027,Chevrolet,Camaro,1985,Violet
JH4CU2F8XDC441552,Mercedes-Benz,300SL,1993,Pink
2C3CCABG8DH989403,Chrysler,300,2012,Fuscia
1N6AA0CJ9DN741775,Jeep,Grand Cherokee,2012,Turquoise
WBAEH13486C230098,Dodge,Viper,2002,Orange
WA1YD54B92N131105,Pontiac,Grand Prix,1970,Teal
WAUSGAFC2CN561168,Bentley,Continental,2006,Purple
WAUDGBFL3CA858813,Dodge,Ram Van B250,1993,Violet
WAU4FAFL7BA570529,Mazda,B-Series,2001,Violet
JH4KB16688C809680,Toyota,T100,1994,Puce
2HNYD18643H074747,Ford,LTD Crown Victoria,1989,Red
5FNYF3H26DB416134,Oldsmobile,Alero,1999,Goldenrod
WAUVC68E35A822872,Chevrolet,Avalanche 1500,2004,Green
JM1NC2JF1C0966616,Jeep,Compass,2010,Crimson
WAUKF78E47A764824,Lexus,RX,2008,Red
JN1BY1AR8FM183205,Infiniti,M,2008,Blue
5NPDH4AE4FH458888,Buick,Roadmaster,1992,Goldenrod
JH4CU2E6XBC864175,Volkswagen,GTI,1990,Teal
1ZVBP8AM3C5547742,Hyundai,Tucson,2009,Turquoise
3LN6L2LU0ER760301,Oldsmobile,Bravada,1999,Goldenrod
5XYKT3A19CG673618,Volvo,C30,2012,Indigo
WAUEG78E96A977079,Mazda,Tribute,2010,Teal
3VW507AT9EM471430,Nissan,Maxima,2007,Teal
SAJWA4DB6EL390751,Pontiac,GTO,1972,Turquoise
SCBCU7ZAXAC772532,BMW,M3,2002,Green
5N1AL0MM6DC819068,GMC,Envoy,1998,Orange
2FMDK4KCXAB065442,Chevrolet,Camaro,1995,Mauv
5N1AN0NWXFN459367,Mazda,MX-5,1992,Red
19UUA75508A654354,Ford,E350,2006,Aquamarine
WAUDH78E28A717912,Chevrolet,Corvette,1997,Teal
19XFB2F52CE689134,Acura,NSX,2003,Violet
WAUAF48H78K439634,Lexus,GX,2008,Blue
WAUPFAFM3BA153205,Chrysler,Sebring,2002,Goldenrod
3D7TP2HTXAG567256,Pontiac,Vibe,2008,Goldenrod
5N1AA0NC0CN913770,Ford,Ranger,1992,Turquoise
WAUKFBFL3DA209248,Volkswagen,GTI,1987,Puce
1ZVBP8AM1C5461457,Mazda,B-Series,1994,Red
3D7JB1EK2AG010479,Ford,Crown Victoria,1998,Yellow
JN1CV6FE1DM865100,Mitsubishi,Pajero,1997,Khaki
2C3CDYBT3EH698019,Nissan,Pathfinder,2006,Turquoise
2C3CCAKG3DH152056,GMC,2500,1992,Yellow
2LMDJ6JK2EB512463,Hyundai,Sonata,2000,Teal
1N6AA0EK9FN880572,Saturn,Outlook,2007,Maroon
WBAPH5C52AA588214,GMC,Rally Wagon G3500,1996,Teal
2G4GW5EV3B9575714,Chrysler,Sebring,2010,Fuscia
WA1CMAFEXAD056171,Mitsubishi,Galant,2010,Blue
1D7RE3GK9BS833486,Suzuki,Forenza,2007,Aquamarine
1B3CC5FB5AN524082,Ford,Probe,1991,Blue
KNDJT2A50C7576121,Suzuki,SJ,1985,Puce
1G4PS5SK9E4983907,Volkswagen,Golf,2011,Goldenrod
TRUTC28NX41770972,Lexus,IS,2007,Crimson
WAUHGAFC5FN181630,Toyota,Prius,2010,Red
WBANE53566C234305,Lexus,LS Hybrid,2010,Pink
2B3CJ7DJ2BH591633,Toyota,MR2,1985,Violet
3C63DPBL3CG253306,Subaru,Brat,1984,Red
JHMZF1D46CS961945,Lincoln,Continental,1992,Mauv
JH4DC53843C071436,Panoz,Esperante,2007,Violet
WAUEL94F15N534342,Honda,Insight,2000,Pink
JN1CV6EK9DM575193,Lotus,Elan,1990,Orange
1FTEX1C88AF813848,Lexus,SC,2010,Goldenrod
3GYFK52299G439734,Lincoln,Town Car,2001,Red
SCFEFBAC5AG316738,Chevrolet,Cavalier,1998,Indigo
WAUEG98EX6A889427,Chevrolet,Tahoe,1999,Blue
KNAFT4A20B5311519,Lexus,SC,1996,Turquoise
WVGAV7AX4AW058326,GMC,Sierra 1500,1999,Mauv
1D4PU7GXXAW761179,GMC,Vandura 2500,1994,Green
1N6AA0CA2EN458992,Toyota,Highlander,2012,Green
1FTMF1EWXAF852578,Toyota,Solara,1999,Red
2T1BURHE4FC192118,Pontiac,Torrent,2009,Indigo
WAURVAFD3CN555862,Mercury,Milan,2009,Mauv
YV1612FH8E1939604,Maserati,GranSport,2006,Indigo
1G4CW54K834323371,Mercury,Cougar,1989,Khaki
1GKS1EEFXBR271957,Chevrolet,Cobalt,2007,Maroon
1C3CCBBB2EN388023,BMW,Z4,2006,Violet
WAUUL78E97A779479,Toyota,4Runner,1995,Purple
5GADV33W57D205418,Lincoln,Navigator,1998,Orange
WAUJT58EX4A587099,GMC,Envoy,2002,Indigo
WBA8Z5C51FG455370,Honda,Accord,2010,Indigo
1GD21ZCG6CZ558787,Suzuki,Swift,2004,Puce
JTHBE1KS2A0951167,Dodge,Ram 3500,1995,Indigo
SAJWA4DC4BM197707,Ford,E-Series,2006,Aquamarine
19UUA9F79EA097015,Mazda,CX-7,2011,Pink
JN1BJ0HR2DM919430,Ford,E-Series,1990,Red
SCBDR3ZA3BC102286,Suzuki,Swift,1997,Maroon
2FMDK4AC8AB889277,Plymouth,Acclaim,1995,Green
1GT020CG9EF265538,Volkswagen,CC,2010,Khaki
JH4CU2F84EC652862,Dodge,Dakota Club,1994,Maroon
WBAFR9C53BD405502,Toyota,4Runner,1992,Violet
5NPDH4AE0EH899254,BMW,745,2002,Mauv
19UYA42643A411748,BMW,5 Series,1995,Green
1G6DZ67A190357793,Dodge,Neon,1995,Violet
1G6DM1E33C0067892,GMC,Envoy,2000,Blue
WAUBF78E78A256798,Cadillac,Escalade,2007,Indigo
1FTEX1C88AK880523,Saturn,S-Series,1999,Turquoise
3N1BC1AP2AL799675,Volvo,S80,2001,Maroon
JTDBT4K35B1592104,Pontiac,GTO,1973,Khaki
WAUEH64B41N415529,Mercedes-Benz,GL-Class,2007,Goldenrod
WAUFEAFM9AA494654,Nissan,Altima,2000,Purple
WAUDL94FX5N284160,Ford,Ranger,2004,Yellow
WA1VMBFE7AD277113,Ferrari,612 Scaglietti,2006,Maroon
1G4HP57287U630849,Chevrolet,G-Series 2500,1996,Puce
TRUUT28NX51047872,MINI,Clubman,2010,Green
1G6DV8EP2C0949774,Maserati,Quattroporte,1986,Yellow
JTJBC1BA4D2029200,Volvo,S80,2006,Blue
5XYKT3A16BG178128,Mitsubishi,Mirage,1986,Green
WAUKG78E85A130975,Acura,TL,1996,Orange
JM3KE2BE7F0665959,Buick,Roadmaster,1994,Puce
3C6TD4HTXCG157775,Mitsubishi,Mirage,2002,Mauv
WAUSG74F89N919494,Lexus,SC,2006,Orange
JTDKN3DU9A0375220,Pontiac,Torrent,2007,Teal
JTDZN3EU4FJ945705,Buick,Hearse,1996,Khaki
5FRYD3H49GB832916,Dodge,Ram 1500,1994,Puce
WP1AE2A26BL494332,Mitsubishi,Mirage,1996,Pink
JA32U1FU5AU074844,Lincoln,Navigator,1999,Violet
1FTEX1CM8BK819977,Lincoln,Zephyr,2006,Fuscia
1N6BF0KL7FN833060,Subaru,XT,1988,Crimson
JN1BJ0HRXEM120027,Pontiac,Sunfire,1995,Teal
WAUSH98EX6A644692,Ford,Econoline E250,2001,Purple
19UUA66206A428181,Buick,Regal,1998,Blue
WBSBL93464P845590,Pontiac,G8,2008,Aquamarine
1D7RW2GKXBS171571,Chevrolet,Impala,1994,Orange
WBA3B1C52DF790521,Kia,Soul,2012,Mauv
SCBDP3ZA5BC206056,Nissan,Titan,2004,Orange
WAUDN74F88N637949,Toyota,Avalon,2007,Indigo
5UMDU93456L774613,Mercedes-Benz,E-Class,2003,Green
3VW4T7AT9EM004494,Chrysler,300M,2004,Goldenrod
JM1GJ1U55F1700784,Isuzu,Hombre,1999,Blue
SCFAD02A37G483078,Mitsubishi,Montero,1999,Violet
1D4PT7GXXBW345525,Mitsubishi,Eclipse,1990,Crimson
1GKS1EEF4ER635830,Mazda,Mazda5,2007,Orange
JA32U1FU4BU689211,Mitsubishi,Challenger,2000,Turquoise
1D4PU5GK1BW245142,GMC,Sonoma,2004,Orange
1FTWF3B53AE008324,Mazda,MX-5,2011,Red
1C3BCBFG0DN626905,Nissan,Frontier,2011,Orange
2G4GS5EV5C9081562,GMC,Savana 3500,2003,Teal
JN8AE2KP2E9732715,Plymouth,Acclaim,1992,Aquamarine
WAUGF78K99A769676,Mazda,Mazda3,2009,Green
WBA3B5C53DF386280,GMC,Envoy,2006,Pink
1GD11XEG6FF896676,Jeep,Wrangler,2007,Yellow
TRUSX28N311062915,Ford,Aspire,1995,Maroon
1G4HP54K73U344862,Audi,A6,2006,Puce
SCFAB42341K628244,Pontiac,Montana,2002,Puce
3D73Y4CL5BG163766,Volkswagen,rio,1995,Yellow
SCFFDAAE2BG939905,Dodge,Monaco,1992,Pink
5UXFG8C56EL735470,Chevrolet,Corvette,1994,Turquoise
JTEBU4BF4CK649519,Maserati,Quattroporte,2011,Pink
SAJWA2GT2EM180294,Subaru,Leone,1989,Goldenrod
JTMHY7AJ2F4466994,GMC,Jimmy,1992,Pink
3GTXKYEJ0AG439723,Chrysler,200,2011,Pink
1N6AD0CUXCN283230,Mercury,Sable,1999,Teal
WBA1F9C59FV352615,Mercedes-Benz,SL-Class,2009,Violet
1FTWW3A57AE941645,Buick,Park Avenue,1997,Indigo
JM1NC2MF7D0629350,Saturn,Astra,2008,Violet
WAULC58E85A772391,Mercedes-Benz,190E,1992,Orange
3GYFNBEY7AS408764,Chevrolet,Sportvan G20,1993,Red
4USBT33525L874228,BMW,1 Series,2008,Purple
KNADH5A34B6005859,Mitsubishi,Eclipse,1993,Red
3VW507AT8EM970946,Mitsubishi,Montero,2005,Pink
WAUML54B63N492202,BMW,Z4 M Roadster,2009,Turquoise
1C4PJLAB3EW166501,Saab,9-5,2002,Yellow
1N4AL2APXAN014629,Ford,Ranger,1995,Indigo
1GYS4DEF1ER426682,Mazda,Protege,2002,Violet
1C6RD6LP3CS066372,Mercury,Sable,2002,Crimson
WAUEFBFL1EA196658,Nissan,Pathfinder,1999,Goldenrod
JTEBU4BF6DK995282,Nissan,Pathfinder,1999,Fuscia
WAUFEBFM6CA483510,Mercedes-Benz,S-Class,2011,Maroon
1G6AA5RXXF0143113,Hyundai,Tiburon,2008,Maroon
WAUMV94E68N591234,Ford,Explorer,1999,Blue
WBANB53567C319476,Mitsubishi,Lancer,2011,Blue
WAUMF78P66A722745,Ford,Crown Victoria,1997,Blue
W04GP5EC5B1192503,Porsche,928,1987,Crimson
1D7RB1CT0BS004835,Dodge,Caliber,2009,Aquamarine
JA4AS2AW0AZ388111,GMC,Savana,2008,Green
3VW4S7AT4EM054190,Plymouth,Neon,1997,Yellow
1N6AD0CU1CN945275,GMC,Yukon,2005,Blue
WBA3V5C50EJ956435,Mazda,626,1988,Violet
WBA3C3C59FP073071,Ford,Laser,1986,Khaki
WBAFU9C54BC046794,Chrysler,Cirrus,1998,Maroon
WAUVC68EX4A233509,Infiniti,Q,1994,Pink
1G4GD5GG3AF482654,Honda,Prelude,1999,Green
5N1AN0NW8FN561685,Chevrolet,G-Series G10,1993,Maroon
2HKRM3H33DH381489,Foose,Hemisfear,2007,Green
WAUYGBFC3CN213217,Mercury,Montego,2007,Khaki
WBA3B1C51FP799689,GMC,Sierra 3500,2005,Aquamarine
3D73M3HL9AG587240,Chevrolet,SSR,2005,Violet
WBA3B3C53DJ025245,Audi,A4,2010,Violet
WAUMFAFL2AN410680,GMC,Rally Wagon 3500,1992,Khaki
5FNRL5H23FB503341,Acura,Legend,1989,Violet
1G6DN57S850073179,Nissan,Quest,2007,Violet
WBA4A5C59FG242012,Ford,Explorer,2005,Fuscia
1G6AL5S34E0830376,Suzuki,Daewoo Lacetti,2005,Purple
1G6DK67V590732950,Toyota,RAV4,2003,Yellow
1GYUKAEF5AR973865,Chevrolet,S10,2002,Teal
19UUA8F27EA501170,Suzuki,SJ,1994,Crimson
3FA6P0D97DR479303,Ford,Mustang,1996,Puce
WBAVT13516K100161,Mitsubishi,GTO,1992,Puce
1FTNF2B56AE608048,Hyundai,Elantra,1993,Violet
3C4PDDEG6CT832336,Audi,TT,2004,Fuscia
ZHWGU5BZ6AL193919,Mitsubishi,Montero,1998,Aquamarine
1N6BF0KL6FN267182,Ford,E350,2010,Khaki
JH4DC53823S428621,Dodge,Ram Van 1500,2003,Red
JN8AE2KPXC9373126,Lamborghini,Gallardo,2011,Pink
WDDGF5EB8AR165575,Toyota,Tacoma Xtra,1996,Crimson
TRURD38J281657825,Lotus,Esprit,1991,Maroon
WVGAV7AX8CW877116,Mazda,RX-8,2007,Orange
SCBZK25E03C343043,Chevrolet,Impala,2009,Turquoise
1FMJK1H56DE886489,Oldsmobile,Bravada,2004,Indigo
5J6TF2H54EL744398,Dodge,Ram 2500,2004,Khaki
YV140MAB2F1851335,Land Rover,Discovery,2004,Aquamarine
4T1BF3EKXBU840197,Mitsubishi,Galant,1990,Orange
WBANV13538B394076,Bentley,Arnage,2008,Goldenrod
WVGAV7AX1BW989903,Hyundai,Tiburon,1998,Fuscia
WAUDFAFC9CN254477,Isuzu,Stylus,1993,Goldenrod
JN8AF5MRXFT546373,Austin,Mini,1963,Green
5J8TB4H51FL060229,Jaguar,XK,2011,Red
WAUKH98E28A107219,Audi,A3,2010,Khaki
1FTWW3A57AE269604,Toyota,Supra,1997,Fuscia
JTJHY7AX0A4058651,Buick,Skyhawk,1988,Pink
3D73M3CL5AG468818,Mercury,Mariner,2006,Indigo
WAUVT58E32A913601,Dodge,Ram 2500,1999,Blue
KNAFU6A2XC5333389,Mercury,Marquis,1985,Aquamarine
1D4RE2GG4BC793542,Chrysler,LHS,1996,Violet
WBAUC7C56AV198187,BMW,530,2004,Crimson
19VDE3F38EE642642,Buick,Skyhawk,1986,Goldenrod
WAUEF78E78A174986,Pontiac,Bonneville,1991,Green
4T1BF1FK3FU254143,Infiniti,I,2000,Puce
SCFBB04C69G642932,Buick,Skyhawk,1984,Teal
SCBCR73W28C851029,Suzuki,Daewoo Lacetti,2005,Khaki
WA1AY74L58D983413,Ferrari,612 Scaglietti,2009,Maroon
WBAYF8C52FD895013,Ram,3500,2012,Indigo
5GADX33L46D068860,Lexus,LS,1990,Blue
2B3CK5CT3AH082329,Toyota,Yaris,2006,Red
WBA5A7C56FG844351,Jaguar,XJ Series,2003,Khaki
1N4AB7AP8DN525020,Chevrolet,Suburban 2500,2011,Orange
JTDKDTB31D1812493,Isuzu,i-Series,2008,Goldenrod
KMHHT6KD4AU288415,GMC,1500 Club Coupe,1995,Pink
1G6KF54944U625662,GMC,3500 Club Coupe,1993,Red
1G6DF5E55D0483849,Chevrolet,Cavalier,1993,Puce
SAJWA6E74E8616200,Jeep,Liberty,2011,Puce
JM1CW2BL6C0559653,Nissan,Sentra,1998,Puce
5TDDK3DC4FS982140,Toyota,T100,1995,Turquoise
5XYKT3A11BG244178,Pontiac,GTO,1974,Teal
WBADT53462C541430,Mitsubishi,Outlander Sport,2011,Mauv
TRURD38J681465548,Honda,Accord,2003,Puce
WBAUL7C50BV753443,Dodge,Ram 2500 Club,1999,Orange
1N6AA0EJ9FN764683,Pontiac,Grand Am,2005,Red
2T1KU4EE7DC327905,Bentley,Continental GT,2007,Pink
WAUFMBFC2EN403304,Mercury,Sable,1989,Khaki
WBAGN83484D684871,Suzuki,Esteem,2001,Khaki
1C6RD7PT0CS814752,Nissan,Frontier,2002,Puce
1C6RD7PT8CS751982,Volkswagen,Type 2,1990,Yellow
KNAFK4A66F5463106,Chrysler,300M,2002,Violet
1FTEW1CM5EF461298,Nissan,240SX,1992,Fuscia
WAULC68E24A894104,Chevrolet,Express 3500,2004,Blue
JN8AE2KP1F9059076,Dodge,Caravan,1985,Indigo
SAJWJ1CD9F8367423,Infiniti,G,2000,Turquoise
1C6RD7FP7CS414272,Kia,Sedona,2005,Blue
3GYFNEE3XFS087607,GMC,Savana 2500,2007,Indigo
WDDGF5EB5BR511583,Mercury,Grand Marquis,2009,Green
JH4CU2E85CC891710,Studebaker,Avanti,1961,Goldenrod
1LNHL9DK3DG656065,Subaru,Justy,1994,Fuscia
1FMEU7DE9AU816474,Lexus,GS,1996,Violet
JTDBT4K30B1138200,Volkswagen,Eos,2012,Maroon
2T1BU4EE9DC980817,Pontiac,Firefly,1990,Red
2C3CDXCT5FH718409,BMW,5 Series,1997,Teal
2D4RN5D14AR326340,Audi,S8,2008,Teal
1FTEX1CMXDK224731,GMC,Envoy XUV,2005,Green
WDDNG7BB0AA508608,Mitsubishi,Precis,1994,Fuscia
1FBSS3BL5AD032983,Chevrolet,Malibu,2006,Aquamarine
WAUDG74F26N220303,GMC,Sierra 1500,2005,Orange
ZFBCFABH5EZ826319,Volkswagen,Touareg,2004,Aquamarine
5J6TF1H35BL627417,Pontiac,Aztek,2002,Red
3MZBM1K77FM027194,Mercedes-Benz,400E,1992,Blue
1FMCU5K38AK310269,Ford,Ranger,2004,Goldenrod
YV1672MK6B2331552,Mercedes-Benz,E-Class,2001,Pink
19VDE3F74EE980154,Volkswagen,Phaeton,2005,Goldenrod
WAULFAFR4EA855581,Dodge,Grand Caravan,2003,Orange
WAUDN94F88N572337,Ford,Freestar,2007,Indigo
3C4PDDDG3FT207091,Nissan,Quest,1999,Orange
3C63D2CL9CG955874,Chevrolet,Corvette,1964,Puce
KMHTC6AD3DU202334,Scion,xB,2005,Turquoise
WBAKP9C53FD829417,Nissan,240SX,1995,Khaki
1GYUKHEF3AR893800,Chevrolet,Suburban 1500,2007,Khaki
JTJBC1BA8A2418076,Cadillac,XLR,2008,Red
1GYS4GEFXDR069521,Volvo,XC90,2006,Blue
JTHFN2EY7A9651269,Pontiac,Bonneville,1996,Pink
SCBFR7ZA5CC423165,Mazda,B-Series Plus,1994,Blue
1FTSW3A53AE447166,Mazda,RX-8,2007,Mauv
1G6KE54Y11U324675,Cadillac,Escalade EXT,2004,Mauv
3D7JV1EP2AG833772,Nissan,350Z Roadster,2006,Maroon
WAUDH78E86A171243,Chrysler,Town & Country,2009,Puce
WBAEN334X4P338183,Dodge,Grand Caravan,1995,Aquamarine
4T1BF1FK4EU024870,Pontiac,Grand Prix,1995,Yellow
WAUEFAFL2EN521353,Volkswagen,Passat,2006,Teal
KMHGC4DD4EU336773,Volkswagen,Touareg,2008,Khaki
JN8AF5MRXCT641334,Dodge,Challenger,2012,Purple
KNAFU6A28B5216330,Plymouth,Grand Voyager,1996,Yellow
5GAKVBED4CJ460702,Mitsubishi,Outlander,2006,Aquamarine
5LMJJ2H52BE101973,Chevrolet,Suburban 2500,2000,Khaki
JH4KC1F51EC242311,Ford,E-Series,2009,Turquoise
WUAAU34219N092258,Aston Martin,Vanquish S,2005,Orange
19UUA766X7A336747,Audi,100,1994,Yellow
WVWGU7AN0CE772723,MINI,Clubman,2009,Crimson
WP0AA2A81EK689575,Acura,TSX,2005,Goldenrod
WAURD68D82A965589,Jaguar,XK Series,2005,Maroon
YV126MFC8F2041306,GMC,Sierra 2500,2003,Orange
3FA6P0D95DR010856,Infiniti,QX,2005,Goldenrod
3D7JB1EP1AG223936,Ford,Bronco II,1985,Crimson
1GD02ZCG0CZ513025,Land Rover,Range Rover,2003,Yellow
WAUMFAFL2AA139689,Pontiac,Vibe,2004,Blue
WBAYM9C54ED288881,Volkswagen,Passat,1998,Mauv
1G6AX5S30F0620542,Kia,Spectra,2003,Crimson
3N6CM0KN1EK484395,Mazda,Mazdaspeed 3,2011,Violet
JN8AE2KP6F9506193,Saab,9000,1999,Orange
KNDJN2A28E7634480,Chrysler,Sebring,2005,Turquoise
WAUR2AFDXEN156071,Suzuki,SJ,1991,Khaki
3C6TD4DT9CG766720,Mazda,Mazda6,2006,Pink
WBAWV1C50AP235173,Mercury,Grand Marquis,1992,Mauv
WBA5B1C55ED411386,Mitsubishi,Lancer,2009,Blue
5NPEB4AC0EH027676,Subaru,Legacy,2002,Crimson
WAUNF98P78A002292,Mitsubishi,Pajero,2006,Blue
1GYS4DEF2DR409114,GMC,Yukon XL 2500,2013,Aquamarine
WAUNF78P47A167350,Volkswagen,Touareg,2007,Violet
1D7CE5GK9AS244597,Dodge,Caravan,2006,Puce
2G4WB52K141502327,Mercedes-Benz,300SD,1993,Red
5FPYK1F25CB851901,Volkswagen,Eurovan,2000,Fuscia
1G6DN57P190734441,Toyota,Corolla,2007,Goldenrod
1C3CDFEB2ED099066,Nissan,Titan,2006,Teal
1G4HF57929U341033,Oldsmobile,98,1996,Orange
WAUVC58E35A032305,Pontiac,Firebird,1994,Turquoise
KMHCM3AC2BU406588,GMC,Sierra 3500,2012,Aquamarine
JN1CV6FE6DM608319,Dodge,Dakota Club,2000,Aquamarine
19XFB2F5XDE848922,Kia,Sportage,1996,Puce
5N1AR2MM3EC384246,Toyota,Prius,2005,Mauv
YV4940BZ2D1332798,Chevrolet,Colorado,2005,Teal
5J8TB3H57FL978741,Mazda,B-Series,2009,Aquamarine
5FRYD4H24EB215201,Ford,F150,1984,Violet
WVWAA7AJ0BW207392,Mitsubishi,3000GT,1996,Puce
3FAHP0KC6AR701607,Ford,E-Series,1992,Crimson
3C6TD5MT8CG150271,Pontiac,Bonneville,1990,Aquamarine
WAUAH94F47N001131,Chevrolet,Silverado,2007,Fuscia
5YMGZ0C55BL516729,Ford,Mustang,1972,Goldenrod
1FTEX1CM7BF848623,Pontiac,Grand Am,1990,Yellow
WAUHGAFC1EN171286,Ford,Tempo,1990,Puce
3C3CFFFH2ET556630,Dodge,Monaco,1992,Pink
WAUGFAFC9DN370938,Daewoo,Nubira,2000,Puce
JHMFA3F22AS179986,Pontiac,Firebird,1991,Indigo
WBA3N9C55EK350338,Hyundai,Elantra,2007,Blue
1G6YV36A665862028,Dodge,Caliber,2007,Violet
3LNHL2GC0CR674560,Mercedes-Benz,E-Class,2003,Indigo
WP0AA2A93CS206660,Subaru,Legacy,2002,Green
WBASP4C54CC106695,Volkswagen,Jetta,1985,Violet
1N6AF0KY3FN377954,Buick,LeSabre,2003,Yellow
JN8AZ2NC4F9295296,Mercury,Grand Marquis,2008,Puce
19VDE1F39FE365151,Isuzu,Hombre,1996,Goldenrod
WAUKH78E58A817879,Chevrolet,Express 1500,2003,Red
WBADS43442G576957,Lexus,ES,2009,Aquamarine
YV426MDB0F2134723,Alfa Romeo,Spider,1992,Purple
1G6EL12Y31B491680,Subaru,Impreza,2001,Maroon
5J6TF1H35FL625186,Toyota,FJ Cruiser,2009,Puce
YV1982BWXA1421100,Chevrolet,Express,2012,Purple
YV4952CT6E1563367,Aston Martin,DB9 Volante,2006,Teal
WBAYB6C50FD683694,Isuzu,Rodeo,1999,Puce
WAUEFBFL5DN513803,Jeep,Liberty,2004,Green
5UXFG2C50E0921861,Kia,Rio5,2008,Maroon
1GKS1HE02CR937272,Jeep,Wrangler,2004,Blue
WAUFFBFL2BN300129,Lincoln,Town Car,2000,Crimson
1GYFK26249R285166,Mercedes-Benz,E-Class,2001,Teal
1G4GF5G33DF763929,Mercury,Cougar,1968,Green
1FTEX1C85AK783280,Jaguar,X-Type,2008,Crimson
3VW1K7AJXFM082174,Chevrolet,1500,1993,Maroon
3N1CN7AP7EK357729,Toyota,Sequoia,2001,Pink
WP0CB2A80FS622103,Infiniti,G37,2008,Crimson
SCBLC37F06C754946,Aptera,Typ-1,2009,Aquamarine
5BZAF0AA8FN590664,Subaru,Impreza,1996,Khaki
JH4DC548X6S264182,MINI,Cooper Clubman,2010,Red
3MZBM1L78EM601928,Acura,MDX,2005,Purple
WAUVC68E95A818728,Volvo,V70,2005,Indigo
JH4KC1F33EC822352,Cadillac,CTS-V,2010,Purple
1HGCR2F31DA595393,Kia,Rondo,2007,Teal
SCFEFBAC1AG290865,Toyota,Highlander,2004,Green
2G4GK5EXXF9918912,Mercedes-Benz,G-Class,2012,Khaki
5N1AA0NC8BN317403,Lamborghini,Murciélago,2005,Teal
WA1CMAFPXFA034729,Scion,xB,2011,Crimson
WA1YL54BX5N290710,Pontiac,Firebird,1989,Teal
JTEBU5JR5E5059154,Audi,S8,2003,Mauv
JTHBE1BL8FA217692,GMC,3500 Club Coupe,1995,Green
1GYS4JKJ0FR300063,Chevrolet,Cruze,2013,Turquoise
WBA4A7C50FD291662,GMC,Savana 2500,2006,Goldenrod
2T1BU4EEXDC207869,BMW,3 Series,2012,Indigo
4A4JM2AS1AE294669,Mercedes-Benz,E-Class,2012,Pink
JN8AF5MR4FT764583,Oldsmobile,Ciera,1994,Puce
JN8AF5MR3BT077234,Buick,Century,2003,Turquoise
19UUA76648A949710,Plymouth,Voyager,1992,Orange
1G4PP5SK2D4823190,Mercedes-Benz,C-Class,1995,Orange
1GYS4KEFXCR406240,BMW,7 Series,1999,Fuscia
WAU4FBFL6CA044030,Buick,Somerset,1986,Red
KNALN4D79F5608556,Volkswagen,Golf,1994,Puce
JTEBU5JR5D5956750,Suzuki,Kizashi,2012,Turquoise
JHMZF1C42BS666714,Corbin,Sparrow,1999,Fuscia
WBAFZ9C58DD352217,Mazda,MX-5,1991,Red
2G61N5S39E9788352,GMC,Sierra 3500,2009,Crimson
KNALN4D70E5625180,Geo,Tracker,1995,Maroon
55SWF4JB1FU124058,Saab,900,1990,Puce
2HNYD18671H499716,Pontiac,Bonneville,1966,Pink
JTDZN3EU6EJ099124,Pontiac,Grand Prix,2006,Puce
SALWR2TF4FA049905,Cadillac,DeVille,2004,Fuscia
WAUFFAFL7AA747393,Honda,Civic,1993,Turquoise
19UYA42411A980763,Ford,F-Series,2010,Mauv
2C3CDXJG3FH860375,Acura,NSX,2003,Aquamarine
1G6DL8E31D0745469,Chevrolet,Camaro,1992,Mauv
5N1AT2MK8FC082291,Ford,Ranger,2004,Green
WBSDX9C59BE941969,BMW,7 Series,1999,Green
WBAGK93431D023484,Kia,Sedona,2002,Blue
5TFBY5F1XDX184925,Dodge,Dakota,2005,Maroon
SAJWA4EB1EL469095,Saturn,VUE,2008,Purple
WBANV13598B146530,Ford,E-Series,1995,Maroon
WBAKX8C53CC789612,Ford,EXP,1987,Mauv
4T1BK3DB9CU813071,Honda,Pilot,2007,Crimson
1G6AG5RX8D0625459,Ford,Mustang,1969,Crimson
SCBDC4BL6AC692288,GMC,Yukon,1992,Khaki
19VDE3F74EE250096,Ford,Escape,2012,Indigo
19UUB2F72FA445629,BMW,M3,2010,Fuscia
WVWAA7AJ1BW036071,Ford,Econoline E350,1996,Purple
SCBGU3ZA8DC117865,Nissan,Murano,2006,Yellow
WBAFR1C58BD253976,Ford,Crown Victoria,2008,Pink
WA1BV74L37D795016,Ford,E250,2011,Yellow
WAUEF78E08A190091,Buick,LeSabre,1989,Pink
2T1BU4EEXBC085317,Volkswagen,Golf,2012,Teal
WP0AB2A92FS851558,Chevrolet,Corvette,1972,Orange
1G6DM8E39D0408853,Dodge,Caravan,2006,Turquoise
WBAWV135X7P014334,Buick,Riviera,1986,Blue
JA4AS3AWXDU083271,Saturn,L-Series,2004,Puce
YV4940BZ4E1216004,Suzuki,Samurai,1995,Orange
JN1AZ4EH5CM215289,Lincoln,Navigator,2012,Teal
1G4HP54K624234061,Ford,Ranger,2006,Green
1HGCR2F37FA086489,Mitsubishi,Pajero,2004,Violet
WBA3F9C51EF959125,Mitsubishi,Lancer,2005,Indigo
1FTEX1CM3BF074080,Volkswagen,Golf,2005,Turquoise
2G61M5S3XF9665079,Subaru,Tribeca,2009,Puce
JTHBC1KS2A5649659,Toyota,T100,1995,Red
4A31K3DT9AE421558,Hummer,H1,1996,Turquoise
1FBSS3BL1AD782316,Dodge,Dakota,2003,Blue
1G6AE5S31D0770145,Audi,Q5,2010,Green
JN8AF5MR4CT953679,Toyota,Echo,2001,Khaki
WBA1F5C59EV000898,Chevrolet,S10,2004,Blue
WBAUN7C50DV020399,Chevrolet,Venture,2002,Purple
WAUHFAFL1CA573395,Ford,EXP,1986,Blue
WA1DKBFP6CA985571,Mazda,B2000,1985,Violet
WAUGFAFR1CA715325,Hyundai,Genesis,2010,Goldenrod
WAULT68E23A162179,Chevrolet,G-Series 2500,1996,Violet
WBA4B1C59FG342567,Buick,Skylark,1986,Green
5TDDK3DC6BS556072,Mercury,Grand Marquis,1986,Goldenrod
KNADN5A33F6809374,Lotus,Elan,1992,Red
KMHHT6KD4CU520434,Ford,E-Series,2008,Mauv
1FMCU9D74AK621723,Mazda,MX-5,1990,Puce
1VWAH7A34CC380667,Mitsubishi,Diamante,2000,Pink
1G6AZ5S30E0313798,BMW,3 Series,1998,Khaki
SALAG2V67FA107485,BMW,3 Series,2007,Aquamarine
WBAYP9C54DD815372,Dodge,Dakota Club,1993,Green
1GD21ZCG9BZ869449,Land Rover,Range Rover,2002,Teal
1GTN1TEHXFZ624251,Chevrolet,Silverado,2002,Turquoise
1G6KD57Y69U446524,Dodge,Ram 3500,1999,Pink
WBAUT9C57BA082159,Mazda,Miata MX-5,2002,Violet
1GYFC53299R443729,Chevrolet,Malibu,2011,Goldenrod
5LMJJ2H54EE650532,Acura,RL,2003,Fuscia
KMHHT6KD2BU140135,Cadillac,DeVille,2002,Pink
2D4RN7DGXBR705862,Cadillac,Escalade EXT,2003,Teal
3N1CN7AP1DL573066,Infiniti,EX,2011,Turquoise
3N1AB7AP1FY742895,Acura,Integra,1997,Purple
JN1AZ4EH7CM278717,Nissan,Xterra,2004,Fuscia
KMHTC6AD0DU086980,Isuzu,Rodeo Sport,2001,Fuscia
WVWBB7AJ6DW167842,Mercury,Villager,1997,Violet
JN8AZ1MU8DW215565,Lexus,SC,1999,Green
WBANA73575B139618,Volkswagen,CC,2013,Turquoise
1G4HR54K02U767372,Pontiac,Grand Prix,1986,Puce
SCFHDDAJ1AA788662,Honda,Passport,1999,Violet
3GYFNGE38ES130318,Subaru,Forester,1999,Yellow
3GTU2YEJ2BG737503,GMC,Sierra 1500,2008,Mauv
1YVHZ8BH5C5637090,MINI,Cooper,2003,Red
WAUED64B11N349632,Eagle,Talon,1995,Aquamarine
1G6AF5SX2E0124047,Infiniti,G37,2008,Crimson
1C4PJLABXEW732072,BMW,745,2003,Blue
1G6DX67D960164402,Jaguar,XK Series,2002,Yellow
WDDDJ7CB6AA862371,Pontiac,Grand Prix,1983,Blue
WBAYF8C54FD480503,Volkswagen,Golf,2000,Red
2C4RDGDG9CR870237,Chevrolet,Avalanche 1500,2006,Orange
3N1AB6AP9CL055702,Ford,Aerostar,1994,Turquoise
1C6RD6JT8CS728592,Porsche,911,1997,Fuscia
WAUVT58E45A323766,Ford,Mustang,2005,Goldenrod
WBSCL93471L880372,Infiniti,FX,2004,Turquoise
1FTWX3B5XAE600803,Kia,Sportage,2009,Violet
WAUXU64B92N883830,Volkswagen,Rabbit,2010,Khaki
WAUAF48H29K258670,Lexus,LX,2000,Aquamarine
1G6YV36A175418136,Land Rover,Range Rover,2009,Fuscia
SCBFR7ZA3DC854900,Buick,Coachbuilder,1994,Violet
1GYS4DEF4BR570268,Nissan,280ZX,1979,Turquoise
WA1CGAFE8CD234654,Mazda,B-Series,2009,Pink
WAUMF98K29N284609,Dodge,Ram Van 2500,1996,Orange
WAUDF68E75A573236,Volkswagen,CC,2009,Purple
SCFAB22351K167608,Volkswagen,Cabriolet,1991,Green
SAJWA1CB6CL810005,Mercury,Cougar,1999,Green
WDDHH8HB7BA224837,Dodge,Avenger,1998,Puce
4A31K3DT6CE599043,Ford,Ranger,2005,Fuscia
3FA6P0SU5DR388649,Mercury,Grand Marquis,1995,Goldenrod
1YVHZ8BH0A5093448,Lincoln,Mark VII,1984,Orange
WAUAVAFA6AN097637,Pontiac,GTO,1969,Maroon
1FTEX1CM0DK840972,BMW,X5,2010,Green
W04GZ5GV9B1338166,Hyundai,Santa Fe,2007,Mauv
WAUFFAFL0FN372429,Kia,Soul,2010,Green
WAUXL68EX4A548884,Chevrolet,Blazer,2001,Goldenrod
1GT02ZCGXEF846406,Eagle,Talon,1992,Goldenrod
JA4AD3A32FZ442067,BMW,M6,2007,Pink
WBAUC9C54DV380700,Volkswagen,Touareg,2008,Turquoise
19VDE1F38EE509450,Chevrolet,Corvette,1984,Indigo
1G6DB8E54E0973200,Lincoln,Continental Mark VII,1991,Blue
WBABN33432P434835,MINI,Cooper Clubman,2012,Pink
19UUA66284A404501,GMC,Yukon,1995,Purple
WAUBFCFL1CA647495,Isuzu,Hombre,1996,Mauv
1C4RJEAG6FC632747,Suzuki,Esteem,1996,Green
1C3CCBCB3CN265441,Buick,LaCrosse,2007,Violet
1GYS3NKJ4FR647664,Chevrolet,Aveo,2007,Teal
JN1CY0AP0AM481365,Audi,A8,2002,Mauv
1G6DJ1ED7B0191213,Honda,Prelude,1996,Green
KMHHT6KD2EU772217,Ford,E150,2005,Purple
WAUDH98E08A943412,Kia,Spectra,2007,Turquoise
2HNYD18833H903213,Bentley,Continental Flying Spur,2011,Violet
1C3ADEBZ7DV682972,Ford,Explorer,2004,Turquoise
1FTWX3A57AE711083,Ford,E150,2009,Green
WA1AGBFE3CD667991,Infiniti,J,1995,Puce
SCBBP9ZA2BC073847,GMC,Yukon XL 1500,2001,Goldenrod
1G6AG1RXXF0830549,Pontiac,Grand Prix,1962,Purple
1GYS4HEF0CR009025,Jaguar,XK,2010,Aquamarine
WAUSFAFLXCA721338,Chevrolet,Avalanche 2500,2005,Turquoise
WBAYE8C55DD253773,Volkswagen,Passat,2006,Yellow
1G6AM5SX0E0142990,Audi,5000S,1986,Blue
WAUKH98E98A614909,Chevrolet,Corsica,1995,Aquamarine
2B3CA5CT9AH491647,Cadillac,DeVille,1994,Yellow
WA1LFBFP3EA359706,Toyota,Yaris,2009,Puce
JN1CV6FE7CM046445,Nissan,Quest,2002,Goldenrod
JH4CU2F48EC860885,Audi,A6,2012,Puce
SCFEDCAD4CG410990,Mercury,Cougar,1997,Purple
JTHDU1EF0D5167880,GMC,Yukon,2009,Blue
WAUJT64B02N588155,Pontiac,Firebird,2002,Turquoise
JTDZN3EU5E3636232,Volvo,S40,2004,Turquoise
JN1AZ4EH6FM691006,Pontiac,Aztek,2004,Goldenrod
YV4952CF8C1064318,Mercedes-Benz,S-Class,2003,Red
2G4WC532051176453,Nissan,Maxima,2005,Blue
WAUXD68D52A914638,Mitsubishi,Eclipse,2010,Goldenrod
WAUNE78P28A065467,Land Rover,LR2,2010,Red
4A31K2DF7AE975279,Mercedes-Benz,500SEL,1993,Puce
KNDJN2A22E7883955,Mercury,Topaz,1991,Goldenrod
1G4HA5EM0BU372423,Dodge,Ram 1500,2006,Blue
WBAVS13518F081108,Audi,Coupe GT,1987,Teal
WAUHE78P99A479134,Pontiac,Torrent,2009,Purple
WAUMF78P76A273365,Toyota,Celica,2003,Yellow
WA1WYBFE3AD807151,Ford,Tempo,1992,Mauv
JTDZN3EU2D3457483,Hyundai,Accent,2006,Mauv
WBA4B1C57FG169373,BMW,3 Series,1998,Khaki
3D7JB1EK6AG935573,Lexus,IS F,2011,Violet
3D7TP2CT0AG631960,Mitsubishi,Diamante,2005,Green
WAUBF78KX9N515980,Dodge,Dakota Club,1992,Blue
1J4PN2GK4AW777888,Toyota,Land Cruiser,1997,Blue
WDDEJ7GB9BA931652,Acura,TSX,2010,Mauv
JN8AF5MRXBT276748,Ford,Ranger,1996,Blue
WBA3A5G52CN975094,Audi,S8,2001,Green
WAUPN94EX8N302384,Ford,Focus,2012,Red
WAUAF78E26A581240,Chrysler,Town & Country,1999,Pink
WBA4A7C51FG774818,Ford,Taurus,1998,Violet
KM8NU4CC1BU425970,Mercury,Lynx,1986,Green
WDDHF5KB0FB319933,Chevrolet,Caprice,1995,Yellow
1G6DP1E38D0075852,Buick,LeSabre,1987,Indigo
5UMDU93446L719330,Chevrolet,Impala,2000,Goldenrod
WBAAW33451E749882,Nissan,Armada,2005,Purple
1FTSX2A52AE835822,Ford,Econoline E250,1992,Puce
3FA6P0SU5DR403294,Ford,Excursion,2004,Blue
1N6AF0KX4FN804369,Bentley,Azure,2007,Fuscia
5N1AA0NC2CN440048,Aston Martin,DB9,2005,Red
5N1AA0NEXFN418952,Studebaker,Avanti,1961,Red
SCFAB01E89G570326,Chevrolet,Caprice,1991,Aquamarine
5TDBCRFH4FS929695,Chevrolet,G-Series G30,1995,Green
WVGAV7AX2FW303907,Lincoln,Mark VIII,1994,Mauv
WAUEFAFL8EN241730,Maserati,Spyder,2004,Khaki
WA1WYAFE2AD210096,Plymouth,Voyager,1985,Orange
1FT7W2A62EE754259,Nissan,200SX,1995,Teal
WBAKE5C57CE331628,Nissan,Sentra,2009,Indigo
WAUDL64F45N038350,Dodge,Charger,2008,Crimson
3D7LT2ET9BG446333,BMW,7 Series,2012,Purple
W04G15GVXB1755545,Chevrolet,Silverado 2500,2000,Fuscia
JN1CV6AP8BM104599,Lotus,Esprit,1990,Goldenrod
1N6AA0CC0AN198426,Audi,A6,1995,Crimson
WAUKH74F56N814565,Hyundai,Sonata,1998,Fuscia
WBALW7C50CC341068,Jeep,Liberty,2008,Goldenrod
1G6DX67D090250802,Mercury,Grand Marquis,2001,Mauv
1C4RDHEG1FC034679,Ford,Thunderbird,1990,Pink
JH4CL96938C774153,Daewoo,Leganza,2002,Orange
1G6DF8E56D0046976,Chevrolet,G-Series 2500,1998,Turquoise
3D4PH9FVXAT374623,Subaru,XT,1985,Goldenrod
TRUDD38J881120502,Maserati,228,1989,Mauv
2G4WN58C481332722,Volvo,V70,2006,Crimson
JTDJTUD39DD662861,Mercury,Tracer,1989,Puce
WAUEG78E86A952190,Ford,Edge,2011,Turquoise
WAUDH98E97A702284,BMW,M3,2001,Teal
3GYEK62N06G044932,Lexus,GS,2002,Goldenrod
5LMJJ3H56DE956913,BMW,M3,2005,Green
